Workbook

Sheet card_game
B1: ID | C1: prompt | D1: clue | E1: Y0 | F1: Y1a | G1: Y1b | H1: Y1c | I1: Y1d | J1: Y1e | K1: Y1f
A2: 1 | B2: 1 | C2: FALSE | D2: -1 | E2: 10 | F2: 11 | G2: 10 | H2: 15 | I2: 14 | J2: 15 | K2: 5
A3: 2 | B3: 2 | C3: TRUE | D3: -9 | E3: 6 | F3: 15 | G3: 6 | H3: 11 | I3: 2 | J3: 15 | K3: 35
A4: 3 | B4: 3 | C4: FALSE | D4: 3 | E4: 12 | F4: 9 | G4: 12 | H4: 17 | I4: 20 | J4: 15 | K4: 5
A5: 4 | B5: 4 | C5: TRUE | D5: 1 | E5: 11 | F5: 10 | G5: 11 | H5: 16 | I5: 17 | J5: 15 | K5: 25
A6: 5 | B6: 5 | C6: FALSE | D6: -19 | E6: 1 | F6: 20 | G6: 1 | H6: 6 | I6: -13 | J6: 15 | K6: 5
A7: 6 | B7: 6 | C7: FALSE | D7: 5 | E7: 13 | F7: 8 | G7: 13 | H7: 18 | I7: 23 | J7: 15 | K7: 5
A8: 7 | B8: 7 | C8: FALSE | D8: 9 | E8: 15 | F8: 6 | G8: 15 | H8: 20 | I8: 29 | J8: 15 | K8: 5
A9: 8 | B9: 8 | C9: FALSE | D9: 15 | E9: 18 | F9: 3 | G9: 18 | H9: 23 | I9: 38 | J9: 15 | K9: 5
A10: 9 | B10: 9 | C10: FALSE | D10: -17 | E10: 2 | F10: 19 | G10: 2 | H10: 7 | I10: -10 | J10: 15 | K10: 5
A11: 10 | B11: 10 | C11: TRUE | D11: -7 | E11: 7 | F11: 14 | G11: 7 | H11: 12 | I11: 5 | J11: 15 | K11: 33
A12: 11 | B12: 11 | C12: FALSE | D12: 19 | E12: 20 | F12: 1 | G12: 20 | H12: 25 | I12: 44 | J12: 15 | K12: 5
A13: 12 | B13: 12 | C13: TRUE | D13: -3 | E13: 9 | F13: 12 | G13: 9 | H13: 14 | I13: 11 | J13: 15 | K13: 29
... A21: 20 | B21: 20 | C21: FALSE | D21: -13 | E21: 4 | F21: 17 | G21: 4 | H21: 9 | I21: -4 | J21: 15 | K21: 5

Sheet formatted a
A1: A | E1: A
A2: =card_game!E2 -> 10 | B2: =card_game!F2 -> 11 | C2: =card_game!E12 -> 20 | D2: =card_game!F12 -> 1 | E2: ID: A1 | G2: ID: A11
A3: =card_game!E3 -> 6 | B3: =card_game!F3 -> 15 | C3: =card_game!E13 -> 9 | D3: =card_game!F13 -> 12 | E3: ID: A2 | G3: ID: A12
A4: =card_game!E4 -> 12 | B4: =card_game!F4 -> 9 | C4: =card_game!E14 -> 19 | D4: =card_game!F14 -> 2 | E4: ID: A3 | G4: ID: A13
A5: =card_game!E5 -> 11 | B5: =card_game!F5 -> 10 | C5: =card_game!E15 -> 3 | D5: =card_game!F15 -> 18 | E5: ID: A4 | G5: ID: A14
A6: =card_game!E6 -> 1 | B6: =card_game!F6 -> 20 | C6: =card_game!E16 -> 14 | D6: =card_game!F16 -> 7 | E6: ID: A5 | G6: ID: A15
A7: =card_game!E7 -> 13 | B7: =card_game!F7 -> 8 | C7: =card_game!E17 -> 17 | D7: =card_game!F17 -> 4 | E7: ID: A6 | G7: ID: A16
A8: =card_game!E8 -> 15 | B8: =card_game!F8 -> 6 | C8: =card_game!E18 -> 5 | D8: =card_game!F18 -> 16 | E8: ID: A7 | G8: ID: A17
A9: =card_game!E9 -> 18 | B9: =card_game!F9 -> 3 | C9: =card_game!E19 -> 16 | D9: =card_game!F19 -> 5 | E9: ID: A8 | G9: ID: A18
A10: =card_game!E10 -> 2 | B10: =card_game!F10 -> 19 | C10: =card_game!E20 -> 8 | D10: =card_game!F20 -> 13 | E10: ID: A9 | G10: ID: A19
A11: =card_game!E11 -> 7 | B11: =card_game!F11 -> 14 | C11: =card_game!E21 -> 4 | D11: =card_game!F21 -> 17 | E11: ID: A10 | G11: ID: A20

Sheet formatted b
A1: A | E1: A
A2: =card_game!E2 -> 10 | B2: =card_game!G2 -> 10 | C2: =card_game!E12 -> 20 | D2: =card_game!G12 -> 20 | E2: ID: B1 | G2: ID: B11
A3: =card_game!E3 -> 6 | B3: =card_game!G3 -> 6 | C3: =card_game!E13 -> 9 | D3: =card_game!G13 -> 9 | E3: ID: B2 | G3: ID: B12
A4: =card_game!E4 -> 12 | B4: =card_game!G4 -> 12 | C4: =card_game!E14 -> 19 | D4: =card_game!G14 -> 19 | E4: ID: B3 | G4: ID: B13
A5: =card_game!E5 -> 11 | B5: =card_game!G5 -> 11 | C5: =card_game!E15 -> 3 | D5: =card_game!G15 -> 3 | E5: ID: B4 | G5: ID: B14
A6: =card_game!E6 -> 1 | B6: =card_game!G6 -> 1 | C6: =card_game!E16 -> 14 | D6: =card_game!G16 -> 14 | E6: ID: B5 | G6: ID: B15
A7: =card_game!E7 -> 13 | B7: =card_game!G7 -> 13 | C7: =card_game!E17 -> 17 | D7: =card_game!G17 -> 17 | E7: ID: B6 | G7: ID: B16
A8: =card_game!E8 -> 15 | B8: =card_game!G8 -> 15 | C8: =card_game!E18 -> 5 | D8: =card_game!G18 -> 5 | E8: ID: B7 | G8: ID: B17
A9: =card_game!E9 -> 18 | B9: =card_game!G9 -> 18 | C9: =card_game!E19 -> 16 | D9: =card_game!G19 -> 16 | E9: ID: B8 | G9: ID: B18
A10: =card_game!E10 -> 2 | B10: =card_game!G10 -> 2 | C10: =card_game!E20 -> 8 | D10: =card_game!G20 -> 8 | E10: ID: B9 | G10: ID: B19
A11: =card_game!E11 -> 7 | B11: =card_game!G11 -> 7 | C11: =card_game!E21 -> 4 | D11: =card_game!G21 -> 4 | E11: ID: B10 | G11: ID: B20

Sheet formatted c
A1: A | E1: A
A2: =card_game!E2 -> 10 | B2: =card_game!H2 -> 15 | C2: =card_game!E12 -> 20 | D2: =card_game!H12 -> 25 | E2: ID: C1 | G2: ID: C11
A3: =card_game!E3 -> 6 | B3: =card_game!H3 -> 11 | C3: =card_game!E13 -> 9 | D3: =card_game!H13 -> 14 | E3: ID: C2 | G3: ID: C12
A4: =card_game!E4 -> 12 | B4: =card_game!H4 -> 17 | C4: =card_game!E14 -> 19 | D4: =card_game!H14 -> 24 | E4: ID: C3 | G4: ID: C13
A5: =card_game!E5 -> 11 | B5: =card_game!H5 -> 16 | C5: =card_game!E15 -> 3 | D5: =card_game!H15 -> 8 | E5: ID: C4 | G5: ID: C14
A6: =card_game!E6 -> 1 | B6: =card_game!H6 -> 6 | C6: =card_game!E16 -> 14 | D6: =card_game!H16 -> 19 | E6: ID: C5 | G6: ID: C15
A7: =card_game!E7 -> 13 | B7: =card_game!H7 -> 18 | C7: =card_game!E17 -> 17 | D7: =card_game!H17 -> 22 | E7: ID: C6 | G7: ID: C16
A8: =card_game!E8 -> 15 | B8: =card_game!H8 -> 20 | C8: =card_game!E18 -> 5 | D8: =card_game!H18 -> 10 | E8: ID: C7 | G8: ID: C17
A9: =card_game!E9 -> 18 | B9: =card_game!H9 -> 23 | C9: =card_game!E19 -> 16 | D9: =card_game!H19 -> 21 | E9: ID: C8 | G9: ID: C18
A10: =card_game!E10 -> 2 | B10: =card_game!H10 -> 7 | C10: =card_game!E20 -> 8 | D10: =card_game!H20 -> 13 | E10: ID: C9 | G10: ID: C19
A11: =card_game!E11 -> 7 | B11: =card_game!H11 -> 12 | C11: =card_game!E21 -> 4 | D11: =card_game!H21 -> 9 | E11: ID: C10 | G11: ID: C20

Sheet formatted d
A1: A | E1: A
A2: =card_game!E2 -> 10 | B2: =card_game!I2 -> 14 | C2: =card_game!E12 -> 20 | D2: =card_game!I12 -> 44 | E2: ID: D1 | G2: ID: D11
A3: =card_game!E3 -> 6 | B3: =card_game!I3 -> 2 | C3: =card_game!E13 -> 9 | D3: =card_game!I13 -> 11 | E3: ID: D2 | G3: ID: D12
A4: =card_game!E4 -> 12 | B4: =card_game!I4 -> 20 | C4: =card_game!E14 -> 19 | D4: =card_game!I14 -> 41 | E4: ID: D3 | G4: ID: D13
A5: =card_game!E5 -> 11 | B5: =card_game!I5 -> 17 | C5: =card_game!E15 -> 3 | D5: =card_game!I15 -> -7 | E5: ID: D4 | G5: ID: D14
A6: =card_game!E6 -> 1 | B6: =card_game!I6 -> -13 | C6: =card_game!E16 -> 14 | D6: =card_game!I16 -> 26 | E6: ID: D5 | G6: ID: D15
A7: =card_game!E7 -> 13 | B7: =card_game!I7 -> 23 | C7: =card_game!E17 -> 17 | D7: =card_game!I17 -> 35 | E7: ID: D6 | G7: ID: D16
A8: =card_game!E8 -> 15 | B8: =card_game!I8 -> 29 | C8: =card_game!E18 -> 5 | D8: =card_game!I18 -> -1 | E8: ID: D7 | G8: ID: D17
A9: =card_game!E9 -> 18 | B9: =card_game!I9 -> 38 | C9: =card_game!E19 -> 16 | D9: =card_game!I19 -> 32 | E9: ID: D8 | G9: ID: D18
A10: =card_game!E10 -> 2 | B10: =card_game!I10 -> -10 | C10: =card_game!E20 -> 8 | D10: =card_game!I20 -> 8 | E10: ID: D9 | G10: ID: D19
A11: =card_game!E11 -> 7 | B11: =card_game!I11 -> 5 | C11: =card_game!E21 -> 4 | D11: =card_game!I21 -> -4 | E11: ID: D10 | G11: ID: D20

Sheet formatted e
A1: A | E1: A
A2: =card_game!E2 -> 10 | B2: =card_game!J2 -> 15 | C2: =card_game!E12 -> 20 | D2: =card_game!J12 -> 15 | E2: ID: E1 | G2: ID: E11
A3: =card_game!E3 -> 6 | B3: =card_game!J3 -> 15 | C3: =card_game!E13 -> 9 | D3: =card_game!J13 -> 15 | E3: ID: E2 | G3: ID: E12
A4: =card_game!E4 -> 12 | B4: =card_game!J4 -> 15 | C4: =card_game!E14 -> 19 | D4: =card_game!J14 -> 15 | E4: ID: E3 | G4: ID: E13
A5: =card_game!E5 -> 11 | B5: =card_game!J5 -> 15 | C5: =card_game!E15 -> 3 | D5: =card_game!J15 -> 15 | E5: ID: E4 | G5: ID: E14
A6: =card_game!E6 -> 1 | B6: =card_game!J6 -> 15 | C6: =card_game!E16 -> 14 | D6: =card_game!J16 -> 15 | E6: ID: E5 | G6: ID: E15
A7: =card_game!E7 -> 13 | B7: =card_game!J7 -> 15 | C7: =card_game!E17 -> 17 | D7: =card_game!J17 -> 15 | E7: ID: E6 | G7: ID: E16
A8: =card_game!E8 -> 15 | B8: =card_game!J8 -> 15 | C8: =card_game!E18 -> 5 | D8: =card_game!J18 -> 15 | E8: ID: E7 | G8: ID: E17
A9: =card_game!E9 -> 18 | B9: =card_game!J9 -> 15 | C9: =card_game!E19 -> 16 | D9: =card_game!J19 -> 15 | E9: ID: E8 | G9: ID: E18
A10: =card_game!E10 -> 2 | B10: =card_game!J10 -> 15 | C10: =card_game!E20 -> 8 | D10: =card_game!J20 -> 15 | E10: ID: E9 | G10: ID: E19
A11: =card_game!E11 -> 7 | B11: =card_game!J11 -> 15 | C11: =card_game!E21 -> 4 | D11: =card_game!J21 -> 15 | E11: ID: E10 | G11: ID: E20

Sheet formatted f
A1: A | E1: A
A2: =card_game!E2 -> 10 | B2: =card_game!K2 -> 5 | C2: =card_game!E12 -> 20 | D2: =card_game!K12 -> 5 | E2: ID: F1 | G2: ID: F11
A3: =card_game!E3 -> 6 | B3: =card_game!K3 -> 35 | C3: =card_game!E13 -> 9 | D3: =card_game!K13 -> 29 | E3: ID: F2 | G3: ID: F12
A4: =card_game!E4 -> 12 | B4: =card_game!K4 -> 5 | C4: =card_game!E14 -> 19 | D4: =card_game!K14 -> 9 | E4: ID: F3 | G4: ID: F13
A5: =card_game!E5 -> 11 | B5: =card_game!K5 -> 25 | C5: =card_game!E15 -> 3 | D5: =card_game!K15 -> 5 | E5: ID: F4 | G5: ID: F14
A6: =card_game!E6 -> 1 | B6: =card_game!K6 -> 5 | C6: =card_game!E16 -> 14 | D6: =card_game!K16 -> 19 | E6: ID: F5 | G6: ID: F15
A7: =card_game!E7 -> 13 | B7: =card_game!K7 -> 5 | C7: =card_game!E17 -> 17 | D7: =card_game!K17 -> 13 | E7: ID: F6 | G7: ID: F16
A8: =card_game!E8 -> 15 | B8: =card_game!K8 -> 5 | C8: =card_game!E18 -> 5 | D8: =card_game!K18 -> 37 | E8: ID: F7 | G8: ID: F17
A9: =card_game!E9 -> 18 | B9: =card_game!K9 -> 5 | C9: =card_game!E19 -> 16 | D9: =card_game!K19 -> 15 | E9: ID: F8 | G9: ID: F18
A10: =card_game!E10 -> 2 | B10: =card_game!K10 -> 5 | C10: =card_game!E20 -> 8 | D10: =card_game!K20 -> 31 | E10: ID: F9 | G10: ID: F19
A11: =card_game!E11 -> 7 | B11: =card_game!K11 -> 33 | C11: =card_game!E21 -> 4 | D11: =card_game!K21 -> 5 | E11: ID: F10 | G11: ID: F20

Sheet Sheet2
